# Cloudflare Pages Redirects Configuration
# Format: /old-path /new-path [status-code]

# ============================================
# NEWS to BLOG redirects (old Webflow URLs)
# ============================================
/news/* /blog/:splat 301
/news /blog 301

# Specific news article redirects with IDs
/news/ai-engineer-pack-50-credits-for-leading-developer-tools-83671 /blog/ai-engineer-pack-50-credits-for-leading-developer-tools 301
/news/time-launches-ai-platform-for-interactive-journalism-experience /blog/time-launches-ai-platform-for-interactive-journalism-experience 301
/news/5-ways-ai-automation-is-saving-businesses-time-and-money /blog/5-ways-ai-automation-is-saving-businesses-time-and-money 301
/news/ai-driven-dynamic-pricing-transforming-e-commerce /blog/ai-driven-dynamic-pricing-transforming-e-commerce 301
/news/ai-driven-personalization-vs-customer-privacy-striking-the-right-balance-in-banking /blog/ai-driven-personalization-vs-customer-privacy-striking-the-right-balance-in-banking 301
/news/ai-for-small-businesses-affordable-tools-and-strategies-in-2025 /blog/ai-for-small-businesses-affordable-tools-and-strategies-in-2025 301
/news/ai-powered-solutions-how-to-stay-ahead-in-2025 /blog/ai-powered-solutions-how-to-stay-ahead-in-2025 301
/news/ai-process-automation-save-time-and-costs-for-uk-companies /blog/ai-process-automation-save-time-and-costs-for-uk-companies 301
/news/ai-tools-revolutionizing-business-process-automation /blog/ai-tools-revolutionizing-business-process-automation 301
/news/ai-travel-agents-vs-human-travel-agents-the-real-story-2025 /blog/ai-travel-agents-vs-human-travel-agents-the-real-story-2025 301
/news/balancing-ai-innovation-and-customer-privacy-in-banking-a-2025-guide /blog/balancing-ai-innovation-and-customer-privacy-in-banking-a-2025-guide 301
/news/best-practices-for-implementing-ai-automation /blog/best-practices-for-implementing-ai-automation 301
/news/building-customer-trust-through-transparent-ai-practices-in-banking /blog/building-customer-trust-through-transparent-ai-practices-in-banking 301
/news/claude-opus-4-5-revolutionizing-ai-tourism-and-travel-planning /blog/claude-opus-4-5-revolutionizing-ai-tourism-and-travel-planning 301
/news/gemini-3-vs-claude-opus-4-5-vs-gpt-5-best-ai-for-tourism-2025 /blog/gemini-3-vs-claude-opus-4-5-vs-gpt-5-best-ai-for-tourism-2025 301
/news/how-ai-agents-simplify-internal-processes-for-companies-in-2025 /blog/how-ai-agents-simplify-internal-processes-for-companies-in-2025 301
/news/how-ai-can-help-your-business-save-time-and-money-in-2025 /blog/how-ai-can-help-your-business-save-time-and-money-in-2025 301
/news/how-ai-enhances-data-security-and-privacy-in-modern-banking /blog/how-ai-enhances-data-security-and-privacy-in-modern-banking 301
/news/how-ai-process-mapping-improves-efficiency-in-manufacturing /blog/how-ai-process-mapping-improves-efficiency-in-manufacturing 301
/news/how-banks-can-leverage-ai-without-compromising-user-privacy /blog/how-banks-can-leverage-ai-without-compromising-user-privacy 301
/news/how-jenguai-is-helping-companies-embrace-digital-transformation /blog/how-jenguai-is-helping-companies-embrace-digital-transformation 301
/news/how-jenguai-is-transforming-automation-and-process-mapping-in-the-uk /blog/how-jenguai-is-transforming-automation-and-process-mapping-in-the-uk 301
/news/how-to-automate-business-workflows-with-ai-in-london /blog/how-to-automate-business-workflows-with-ai-in-london 301
/news/how-to-identify-key-areas-for-ai-automation-in-your-business /blog/how-to-identify-key-areas-for-ai-automation-in-your-business 301
/news/how-to-identify-processes-for-automation-in-your-business /blog/how-to-identify-processes-for-automation-in-your-business 301
/news/how-to-use-ai-for-workflow-optimization-in-finance /blog/how-to-use-ai-for-workflow-optimization-in-finance 301
/news/how-to-use-ai-in-your-business-a-practical-guide-for-2025 /blog/how-to-use-ai-in-your-business-a-practical-guide-for-2025 301
/news/mitigating-privacy-risks-in-ai-enabled-financial-services /blog/mitigating-privacy-risks-in-ai-enabled-financial-services 301
/news/process-mapping-the-key-to-workflow-optimization-for-businesses /blog/process-mapping-the-key-to-workflow-optimization-for-businesses 301
/news/regulatory-compliance-in-ai-powered-banking-navigating-privacy-laws-in-2025 /blog/regulatory-compliance-in-ai-powered-banking-navigating-privacy-laws-in-2025 301
/news/revolutionizing-sales-how-ai-and-automation-are-transforming-the-sales-process /blog/revolutionizing-sales-how-ai-and-automation-are-transforming-the-sales-process 301
/news/streamline-operations-how-ai-can-improve-efficiency /blog/streamline-operations-how-ai-can-improve-efficiency 301
/news/streamlining-customer-service-with-ai-automation /blog/streamlining-customer-service-with-ai-automation 301
/news/the-ethical-implications-of-ai-in-banking-privacy-concerns-and-solutions /blog/the-ethical-implications-of-ai-in-banking-privacy-concerns-and-solutions 301
/news/the-future-of-ai-in-business-trends-to-watch-in-2025 /blog/the-future-of-ai-in-business-trends-to-watch-in-2025 301
/news/the-future-of-privacy-first-ai-solutions-in-the-banking-sector /blog/the-future-of-privacy-first-ai-solutions-in-the-banking-sector 301
/news/the-future-of-workflow-optimization-with-ai-in-2024 /blog/the-future-of-workflow-optimization-with-ai-in-2024 301
/news/the-role-of-ai-in-improving-business-efficiency-in-2025 /blog/the-role-of-ai-in-improving-business-efficiency-in-2025 301
/news/the-role-of-process-mapping-in-ai-workflow-optimization /blog/the-role-of-process-mapping-in-ai-workflow-optimization 301
/news/the-ultimate-guide-to-workflow-automation-for-small-businesses /blog/the-ultimate-guide-to-workflow-automation-for-small-businesses 301
/news/top-ai-tools-for-ensuring-privacy-compliance-in-banking-2025-edition /blog/top-ai-tools-for-ensuring-privacy-compliance-in-banking-2025-edition 301
/news/top-ai-tools-to-transform-your-business-in-2025 /blog/top-ai-tools-to-transform-your-business-in-2025 301
/news/top-benefits-of-process-mapping-for-automation-in-london /blog/top-benefits-of-process-mapping-for-automation-in-london 301
/news/top-tools-for-business-process-mapping-and-automation-in-2025 /blog/top-tools-for-business-process-mapping-and-automation-in-2025 301
/news/top-workflow-automation-tools-for-2024 /blog/top-workflow-automation-tools-for-2024 301
/news/using-ai-to-streamline-customer-service-operations-in-2025 /blog/using-ai-to-streamline-customer-service-operations-in-2025 301

# ============================================
# Common page redirects
# ============================================
# ROI Calculator alternative paths
/roi-calculator /calculator 301
/roi /calculator 301
/savings-calculator /calculator 301

# Team page
/our-team /team 301
/meet-the-team /team 301

# Services alternatives
/solutions /services 301
/what-we-do /services 301

# Case studies alternatives
/portfolio /case-studies 301
/work /case-studies 301
/projects /case-studies 301

# Contact alternatives
/get-in-touch /contact 301
/reach-us /contact 301

# ============================================
# Language handling
# ============================================
# French alternatives
/french /fr 301
/francais /fr 301

# Spanish alternatives
/spanish /es 301
/espanol /es 301

# ============================================
# Trailing slash normalization
# ============================================
/about/ /about 301
/services/ /services 301
/blog/ /blog 301
/contact/ /contact 301
/calculator/ /calculator 301
/faq/ /faq 301
/team/ /team 301
/case-studies/ /case-studies 301
/privacy/ /privacy 301
/terms/ /terms 301
